scenario,time_ms,frequency,confidence,db,onset
sustained,0,440.000000000,0.99,-20,0
sustained,20,440.000000000,0.99,-20,0
sustained,40,440.000000000,0.99,-20,0
sustained,60,440.000000000,0.99,-20,0
sustained,80,440.000000000,0.99,-20,0
sustained,100,440.000000000,0.99,-20,0
sustained,120,440.000000000,0.99,-20,0
sustained,140,440.000000000,0.99,-20,0
sustained,160,440.000000000,0.99,-20,0
sustained,180,440.000000000,0.99,-20,0
sustained,200,440.000000000,0.99,-20,0
sustained,220,440.000000000,0.99,-20,0
sustained,240,440.000000000,0.99,-20,0
sustained,260,440.000000000,0.99,-20,0
sustained,280,440.000000000,0.99,-20,0
sustained,300,440.000000000,0.99,-20,0
sustained,320,440.000000000,0.99,-20,0
sustained,340,440.000000000,0.99,-20,0
sustained,360,440.000000000,0.99,-20,0
sustained,380,440.000000000,0.99,-20,0
sustained,400,440.000000000,0.99,-20,0
sustained,420,440.000000000,0.99,-20,0
sustained,440,440.000000000,0.99,-20,0
sustained,460,440.000000000,0.99,-20,0
sustained,480,440.000000000,0.99,-20,0
sustained,500,440.000000000,0.99,-20,0
sustained,520,440.000000000,0.99,-20,0
sustained,540,440.000000000,0.99,-20,0
sustained,560,440.000000000,0.99,-20,0
sustained,580,440.000000000,0.99,-20,0
sustained,600,440.000000000,0.99,-20,0
sustained,620,440.000000000,0.99,-20,0
sustained,640,440.000000000,0.99,-20,0
sustained,660,440.000000000,0.99,-20,0
sustained,680,440.000000000,0.99,-20,0
sustained,700,440.000000000,0.99,-20,0
sustained,720,440.000000000,0.99,-20,0
sustained,740,440.000000000,0.99,-20,0
sustained,760,440.000000000,0.99,-20,0
sustained,780,440.000000000,0.99,-20,0
sustained,800,0,0,-90,0
sustained,820,0,0,-90,0
sustained,840,0,0,-90,0
sustained,860,0,0,-90,0
sustained,880,0,0,-90,0
sustained,900,0,0,-90,0
sustained,920,0,0,-90,0
sustained,940,0,0,-90,0
sustained,960,0,0,-90,0
sustained,980,0,0,-90,0
change,0,440.000000000,0.99,-20,0
change,20,440.000000000,0.99,-20,0
change,40,440.000000000,0.99,-20,0
change,60,440.000000000,0.99,-20,0
change,80,440.000000000,0.99,-20,0
change,100,440.000000000,0.99,-20,0
change,120,440.000000000,0.99,-20,0
change,140,440.000000000,0.99,-20,0
change,160,440.000000000,0.99,-20,0
change,180,440.000000000,0.99,-20,0
change,200,440.000000000,0.99,-20,0
change,220,440.000000000,0.99,-20,0
change,240,440.000000000,0.99,-20,0
change,260,440.000000000,0.99,-20,0
change,280,440.000000000,0.99,-20,0
change,300,440.000000000,0.99,-20,0
change,320,440.000000000,0.99,-20,0
change,340,440.000000000,0.99,-20,0
change,360,440.000000000,0.99,-20,0
change,380,440.000000000,0.99,-20,0
change,400,493.883301256,0.99,-20,0
change,420,493.883301256,0.99,-20,0
change,440,493.883301256,0.99,-20,0
change,460,493.883301256,0.99,-20,0
change,480,493.883301256,0.99,-20,0
change,500,493.883301256,0.99,-20,0
change,520,493.883301256,0.99,-20,0
change,540,493.883301256,0.99,-20,0
change,560,493.883301256,0.99,-20,0
change,580,493.883301256,0.99,-20,0
change,600,493.883301256,0.99,-20,0
change,620,493.883301256,0.99,-20,0
change,640,493.883301256,0.99,-20,0
change,660,493.883301256,0.99,-20,0
change,680,493.883301256,0.99,-20,0
change,700,493.883301256,0.99,-20,0
change,720,493.883301256,0.99,-20,0
change,740,493.883301256,0.99,-20,0
change,760,493.883301256,0.99,-20,0
change,780,493.883301256,0.99,-20,0
change,800,0,0,-90,0
change,820,0,0,-90,0
change,840,0,0,-90,0
change,860,0,0,-90,0
change,880,0,0,-90,0
change,900,0,0,-90,0
change,920,0,0,-90,0
change,940,0,0,-90,0
change,960,0,0,-90,0
change,980,0,0,-90,0
repeated,0,440.000000000,0.99,-20,0
repeated,20,440.000000000,0.99,-20,0
repeated,40,440.000000000,0.99,-20,0
repeated,60,440.000000000,0.99,-20,0
repeated,80,440.000000000,0.99,-20,0
repeated,100,440.000000000,0.99,-20,0
repeated,120,440.000000000,0.99,-20,0
repeated,140,440.000000000,0.99,-20,0
repeated,160,440.000000000,0.99,-20,0
repeated,180,440.000000000,0.99,-20,0
repeated,200,440.000000000,0.99,-20,0
repeated,220,440.000000000,0.99,-20,0
repeated,240,440.000000000,0.99,-20,0
repeated,260,440.000000000,0.99,-20,0
repeated,280,440.000000000,0.99,-20,0
repeated,300,440.000000000,0.99,-20,0
repeated,320,440.000000000,0.99,-20,0
repeated,340,440.000000000,0.99,-20,0
repeated,360,440.000000000,0.99,-20,0
repeated,380,440.000000000,0.99,-20,0
repeated,400,440.000000000,0.99,-20,1
repeated,420,440.000000000,0.99,-20,0
repeated,440,440.000000000,0.99,-20,0
repeated,460,440.000000000,0.99,-20,0
repeated,480,440.000000000,0.99,-20,0
repeated,500,440.000000000,0.99,-20,0
repeated,520,440.000000000,0.99,-20,0
repeated,540,440.000000000,0.99,-20,0
repeated,560,440.000000000,0.99,-20,0
repeated,580,440.000000000,0.99,-20,0
repeated,600,440.000000000,0.99,-20,0
repeated,620,440.000000000,0.99,-20,0
repeated,640,440.000000000,0.99,-20,0
repeated,660,440.000000000,0.99,-20,0
repeated,680,440.000000000,0.99,-20,0
repeated,700,440.000000000,0.99,-20,0
repeated,720,440.000000000,0.99,-20,0
repeated,740,440.000000000,0.99,-20,0
repeated,760,440.000000000,0.99,-20,0
repeated,780,440.000000000,0.99,-20,0
repeated,800,0,0,-90,0
repeated,820,0,0,-90,0
repeated,840,0,0,-90,0
repeated,860,0,0,-90,0
repeated,880,0,0,-90,0
repeated,900,0,0,-90,0
repeated,920,0,0,-90,0
repeated,940,0,0,-90,0
repeated,960,0,0,-90,0
repeated,980,0,0,-90,0
silence,0,440.000000000,0.99,-20,0
silence,20,440.000000000,0.99,-20,0
silence,40,440.000000000,0.99,-20,0
silence,60,440.000000000,0.99,-20,0
silence,80,440.000000000,0.99,-20,0
silence,100,440.000000000,0.99,-20,0
silence,120,440.000000000,0.99,-20,0
silence,140,440.000000000,0.99,-20,0
silence,160,440.000000000,0.99,-20,0
silence,180,440.000000000,0.99,-20,0
silence,200,440.000000000,0.99,-20,0
silence,220,440.000000000,0.99,-20,0
silence,240,440.000000000,0.99,-20,0
silence,260,440.000000000,0.99,-20,0
silence,280,440.000000000,0.99,-20,0
silence,300,0.000000000,0,-90,0
silence,320,0.000000000,0,-90,0
silence,340,0.000000000,0,-90,0
silence,360,0.000000000,0,-90,0
silence,380,0.000000000,0,-90,0
silence,400,0.000000000,0,-90,0
silence,420,0.000000000,0,-90,0
silence,440,0.000000000,0,-90,0
silence,460,0.000000000,0,-90,0
silence,480,0.000000000,0,-90,0
silence,500,440.000000000,0.99,-20,0
silence,520,440.000000000,0.99,-20,0
silence,540,440.000000000,0.99,-20,0
silence,560,440.000000000,0.99,-20,0
silence,580,440.000000000,0.99,-20,0
silence,600,440.000000000,0.99,-20,0
silence,620,440.000000000,0.99,-20,0
silence,640,440.000000000,0.99,-20,0
silence,660,440.000000000,0.99,-20,0
silence,680,440.000000000,0.99,-20,0
silence,700,440.000000000,0.99,-20,0
silence,720,440.000000000,0.99,-20,0
silence,740,440.000000000,0.99,-20,0
silence,760,440.000000000,0.99,-20,0
silence,780,440.000000000,0.99,-20,0
silence,800,0,0,-90,0
silence,820,0,0,-90,0
silence,840,0,0,-90,0
silence,860,0,0,-90,0
silence,880,0,0,-90,0
silence,900,0,0,-90,0
silence,920,0,0,-90,0
silence,940,0,0,-90,0
silence,960,0,0,-90,0
silence,980,0,0,-90,0
dropout,0,440.000000000,0.99,-20,0
dropout,20,440.000000000,0.99,-20,0
dropout,40,440.000000000,0.99,-20,0
dropout,60,440.000000000,0.99,-20,0
dropout,80,440.000000000,0.99,-20,0
dropout,100,440.000000000,0.99,-20,0
dropout,120,440.000000000,0.99,-20,0
dropout,140,440.000000000,0.99,-20,0
dropout,160,440.000000000,0.99,-20,0
dropout,180,440.000000000,0.99,-20,0
dropout,200,440.000000000,0.99,-20,0
dropout,220,440.000000000,0.99,-20,0
dropout,240,440.000000000,0.99,-20,0
dropout,260,440.000000000,0.99,-20,0
dropout,280,440.000000000,0.99,-20,0
dropout,300,0.000000000,0,-90,0
dropout,320,0.000000000,0,-90,0
dropout,340,0.000000000,0,-90,0
dropout,360,0.000000000,0,-90,0
dropout,380,440.000000000,0.99,-20,0
dropout,400,440.000000000,0.99,-20,0
dropout,420,440.000000000,0.99,-20,0
dropout,440,440.000000000,0.99,-20,0
dropout,460,440.000000000,0.99,-20,0
dropout,480,440.000000000,0.99,-20,0
dropout,500,440.000000000,0.99,-20,0
dropout,520,440.000000000,0.99,-20,0
dropout,540,440.000000000,0.99,-20,0
dropout,560,440.000000000,0.99,-20,0
dropout,580,440.000000000,0.99,-20,0
dropout,600,440.000000000,0.99,-20,0
dropout,620,440.000000000,0.99,-20,0
dropout,640,440.000000000,0.99,-20,0
dropout,660,440.000000000,0.99,-20,0
dropout,680,440.000000000,0.99,-20,0
dropout,700,440.000000000,0.99,-20,0
dropout,720,440.000000000,0.99,-20,0
dropout,740,440.000000000,0.99,-20,0
dropout,760,440.000000000,0.99,-20,0
dropout,780,440.000000000,0.99,-20,0
dropout,800,0,0,-90,0
dropout,820,0,0,-90,0
dropout,840,0,0,-90,0
dropout,860,0,0,-90,0
dropout,880,0,0,-90,0
dropout,900,0,0,-90,0
dropout,920,0,0,-90,0
dropout,940,0,0,-90,0
dropout,960,0,0,-90,0
dropout,980,0,0,-90,0
transient,0,440.000000000,0.99,-20,0
transient,20,440.000000000,0.99,-20,0
transient,40,440.000000000,0.99,-20,0
transient,60,0,0,-90,0
transient,80,0,0,-90,0
transient,100,0,0,-90,0
transient,120,0,0,-90,0
transient,140,0,0,-90,0
transient,160,0,0,-90,0
transient,180,0,0,-90,0
transient,200,0,0,-90,0
transient,220,0,0,-90,0
transient,240,0,0,-90,0
wrong_score,0,391.995435982,0.99,-20,0
wrong_score,20,391.995435982,0.99,-20,0
wrong_score,40,391.995435982,0.99,-20,0
wrong_score,60,391.995435982,0.99,-20,0
wrong_score,80,391.995435982,0.99,-20,0
wrong_score,100,391.995435982,0.99,-20,0
wrong_score,120,391.995435982,0.99,-20,0
wrong_score,140,391.995435982,0.99,-20,0
wrong_score,160,391.995435982,0.99,-20,0
wrong_score,180,391.995435982,0.99,-20,0
wrong_score,200,391.995435982,0.99,-20,0
wrong_score,220,391.995435982,0.99,-20,0
wrong_score,240,391.995435982,0.99,-20,0
wrong_score,260,391.995435982,0.99,-20,0
wrong_score,280,391.995435982,0.99,-20,0
wrong_score,300,440.000000000,0.99,-20,0
wrong_score,320,440.000000000,0.99,-20,0
wrong_score,340,440.000000000,0.99,-20,0
wrong_score,360,440.000000000,0.99,-20,0
wrong_score,380,440.000000000,0.99,-20,0
wrong_score,400,440.000000000,0.99,-20,0
wrong_score,420,440.000000000,0.99,-20,0
wrong_score,440,440.000000000,0.99,-20,0
wrong_score,460,440.000000000,0.99,-20,0
wrong_score,480,440.000000000,0.99,-20,0
wrong_score,500,440.000000000,0.99,-20,0
wrong_score,520,440.000000000,0.99,-20,0
wrong_score,540,440.000000000,0.99,-20,0
wrong_score,560,440.000000000,0.99,-20,0
wrong_score,580,440.000000000,0.99,-20,0
wrong_score,600,440.000000000,0.99,-20,1
wrong_score,620,440.000000000,0.99,-20,0
wrong_score,640,440.000000000,0.99,-20,0
wrong_score,660,440.000000000,0.99,-20,0
wrong_score,680,440.000000000,0.99,-20,0
wrong_score,700,440.000000000,0.99,-20,0
wrong_score,720,440.000000000,0.99,-20,0
wrong_score,740,440.000000000,0.99,-20,0
wrong_score,760,440.000000000,0.99,-20,0
wrong_score,780,440.000000000,0.99,-20,0
wrong_score,800,440.000000000,0.99,-20,0
wrong_score,820,440.000000000,0.99,-20,0
wrong_score,840,440.000000000,0.99,-20,0
wrong_score,860,440.000000000,0.99,-20,0
wrong_score,880,440.000000000,0.99,-20,0
wrong_score,900,493.883301256,0.99,-20,0
wrong_score,920,493.883301256,0.99,-20,0
wrong_score,940,493.883301256,0.99,-20,0
wrong_score,960,493.883301256,0.99,-20,0
wrong_score,980,493.883301256,0.99,-20,0
wrong_score,1000,493.883301256,0.99,-20,0
wrong_score,1020,493.883301256,0.99,-20,0
wrong_score,1040,493.883301256,0.99,-20,0
wrong_score,1060,493.883301256,0.99,-20,0
wrong_score,1080,493.883301256,0.99,-20,0
wrong_score,1100,493.883301256,0.99,-20,0
wrong_score,1120,493.883301256,0.99,-20,0
wrong_score,1140,493.883301256,0.99,-20,0
wrong_score,1160,493.883301256,0.99,-20,0
wrong_score,1180,493.883301256,0.99,-20,0
wrong_score,1200,0,0,-90,0
wrong_score,1220,0,0,-90,0
wrong_score,1240,0,0,-90,0
wrong_score,1260,0,0,-90,0
wrong_score,1280,0,0,-90,0
wrong_score,1300,0,0,-90,0
wrong_score,1320,0,0,-90,0
wrong_score,1340,0,0,-90,0
wrong_score,1360,0,0,-90,0
wrong_score,1380,0,0,-90,0
vibrato,0,440.000000000,0.99,-20,0
vibrato,20,443.750593741,0.99,-20,0
vibrato,40,446.084556027,0.99,-20,0
vibrato,60,446.084556027,0.99,-20,0
vibrato,80,443.750593741,0.99,-20,0
vibrato,100,440.000000000,0.99,-20,0
vibrato,120,436.281106394,0.99,-20,0
vibrato,140,433.998436808,0.99,-20,0
vibrato,160,433.998436808,0.99,-20,0
vibrato,180,436.281106394,0.99,-20,0
vibrato,200,440.000000000,0.99,-20,0
vibrato,220,443.750593741,0.99,-20,0
vibrato,240,446.084556027,0.99,-20,0
vibrato,260,446.084556027,0.99,-20,0
vibrato,280,443.750593741,0.99,-20,0
vibrato,300,440.000000000,0.99,-20,0
vibrato,320,436.281106394,0.99,-20,0
vibrato,340,433.998436808,0.99,-20,0
vibrato,360,433.998436808,0.99,-20,0
vibrato,380,436.281106394,0.99,-20,0
vibrato,400,440.000000000,0.99,-20,0
vibrato,420,443.750593741,0.99,-20,0
vibrato,440,446.084556027,0.99,-20,0
vibrato,460,446.084556027,0.99,-20,0
vibrato,480,443.750593741,0.99,-20,0
vibrato,500,440.000000000,0.99,-20,0
vibrato,520,436.281106394,0.99,-20,0
vibrato,540,433.998436808,0.99,-20,0
vibrato,560,433.998436808,0.99,-20,0
vibrato,580,436.281106394,0.99,-20,0
vibrato,600,440.000000000,0.99,-20,0
vibrato,620,443.750593741,0.99,-20,0
vibrato,640,446.084556027,0.99,-20,0
vibrato,660,446.084556027,0.99,-20,0
vibrato,680,443.750593741,0.99,-20,0
vibrato,700,440.000000000,0.99,-20,0
vibrato,720,436.281106394,0.99,-20,0
vibrato,740,433.998436808,0.99,-20,0
vibrato,760,433.998436808,0.99,-20,0
vibrato,780,436.281106394,0.99,-20,0
vibrato,800,0,0,-90,0
vibrato,820,0,0,-90,0
vibrato,840,0,0,-90,0
vibrato,860,0,0,-90,0
vibrato,880,0,0,-90,0
vibrato,900,0,0,-90,0
vibrato,920,0,0,-90,0
vibrato,940,0,0,-90,0
vibrato,960,0,0,-90,0
vibrato,980,0,0,-90,0
