midi,cents,kind,sample_rate
40,0,sine,48000
40,0,harmonics,48000
41,0,sine,48000
41,0,harmonics,48000
42,0,sine,48000
42,0,harmonics,48000
43,0,sine,48000
43,0,harmonics,48000
44,0,sine,48000
44,0,harmonics,48000
45,0,sine,48000
45,0,harmonics,48000
46,0,sine,48000
46,0,harmonics,48000
47,0,sine,48000
47,0,harmonics,48000
48,0,sine,48000
48,0,harmonics,48000
49,0,sine,48000
49,0,harmonics,48000
50,0,sine,48000
50,0,harmonics,48000
51,0,sine,48000
51,0,harmonics,48000
52,0,sine,48000
52,0,harmonics,48000
53,0,sine,48000
53,0,harmonics,48000
54,0,sine,48000
54,0,harmonics,48000
55,0,sine,48000
55,0,harmonics,48000
56,0,sine,48000
56,0,harmonics,48000
57,0,sine,48000
57,0,harmonics,48000
58,0,sine,48000
58,0,harmonics,48000
59,0,sine,48000
59,0,harmonics,48000
60,0,sine,48000
60,0,harmonics,48000
61,0,sine,48000
61,0,harmonics,48000
62,0,sine,48000
62,0,harmonics,48000
63,0,sine,48000
63,0,harmonics,48000
64,0,sine,48000
64,0,harmonics,48000
65,0,sine,48000
65,0,harmonics,48000
66,0,sine,48000
66,0,harmonics,48000
67,0,sine,48000
67,0,harmonics,48000
68,0,sine,48000
68,0,harmonics,48000
69,0,sine,48000
69,0,harmonics,48000
70,0,sine,48000
70,0,harmonics,48000
71,0,sine,48000
71,0,harmonics,48000
72,0,sine,48000
72,0,harmonics,48000
73,0,sine,48000
73,0,harmonics,48000
74,0,sine,48000
74,0,harmonics,48000
75,0,sine,48000
75,0,harmonics,48000
76,0,sine,48000
76,0,harmonics,48000
77,0,sine,48000
77,0,harmonics,48000
78,0,sine,48000
78,0,harmonics,48000
79,0,sine,48000
79,0,harmonics,48000
80,0,sine,48000
80,0,harmonics,48000
81,0,sine,48000
81,0,harmonics,48000
82,0,sine,48000
82,0,harmonics,48000
83,0,sine,48000
83,0,harmonics,48000
84,0,sine,48000
84,0,harmonics,48000
40,-25,sine,44100
40,-25,harmonics,44100
40,25,sine,44100
40,25,harmonics,44100
48,-25,sine,44100
48,-25,harmonics,44100
48,25,sine,44100
48,25,harmonics,44100
60,-25,sine,44100
60,-25,harmonics,44100
60,25,sine,44100
60,25,harmonics,44100
69,-25,sine,44100
69,-25,harmonics,44100
69,25,sine,44100
69,25,harmonics,44100
72,-25,sine,44100
72,-25,harmonics,44100
72,25,sine,44100
72,25,harmonics,44100
84,-25,sine,44100
84,-25,harmonics,44100
84,25,sine,44100
84,25,harmonics,44100
